sample_id,geochronid,analysis_type,analysis_document,analysis_doc_link,dlat,dlong,recommended_reference,local_pdf_path,download_status,download_error,download_size_bytes
112101,112101.1,U-Pb zircon,112101.1.pdf,https://dasc.dmirs.wa.gov.au/download/Metadata?fileName=Geochron/pdfs/112101.1.pdf,-22.617007,122.29167,"Nelson, DR 1996, 112101: biotite-epidote monzogranite gneiss, Larry Creek; Geochronology Record 522: Geological Survey of Western Australia, 4p.",/Users/lucymathieson/Peak-Picking-v2/LeadLoss/reports/gswa_missing_pdfs/112101.1.pdf,DOWNLOADED,,208696
112112,112112.1,U-Pb zircon,112112.1.pdf,https://dasc.dmirs.wa.gov.au/download/Metadata?fileName=Geochron/pdfs/112112.1.pdf,-29.736197,122.09312,"Nelson, DR 1995, 112112: K-feldspar volcanic rock, Jump Up Dam; Geochronology Record 510: Geological Survey of Western Australia, 6p.",/Users/lucymathieson/Peak-Picking-v2/LeadLoss/reports/gswa_missing_pdfs/112112.1.pdf,DOWNLOADED,,277876
112159,112159.1,U-Pb zircon,112159.1.pdf,https://dasc.dmirs.wa.gov.au/download/Metadata?fileName=Geochron/pdfs/112159.1.pdf,-28.426027,121.143819,"Nelson, DR 1995, 112159: porphyritic dacite, Royal Arthur; Geochronology Record 488: Geological Survey of Western Australia, 5p.",/Users/lucymathieson/Peak-Picking-v2/LeadLoss/reports/gswa_missing_pdfs/112159.1.pdf,DOWNLOADED,,282588
112170,112170.1,U-Pb zircon,112170.1.pdf,https://dasc.dmirs.wa.gov.au/download/Metadata?fileName=Geochron/pdfs/112170.1.pdf,-33.933426,120.033329,"Nelson, DR 1996, 112170: metasandstone, Barrens Beach; Geochronology Record 492: Geological Survey of Western Australia, 3p.",/Users/lucymathieson/Peak-Picking-v2/LeadLoss/reports/gswa_missing_pdfs/112170.1.pdf,DOWNLOADED,,188563
118990,118990.1,U-Pb zircon,118990.1.pdf,https://dasc.dmirs.wa.gov.au/download/Metadata?fileName=Geochron/pdfs/118990.1.pdf,-26.312867,118.96829,"Nelson, DR 1997, 118990: silicified laminated shale, Referendum Bore; Geochronology Record 435: Geological Survey of Western Australia, 4p.",/Users/lucymathieson/Peak-Picking-v2/LeadLoss/reports/gswa_missing_pdfs/118990.1.pdf,DOWNLOADED,,233062
133384,133384.1,U-Pb zircon,133384.1.pdf,https://dasc.dmirs.wa.gov.au/download/Metadata?fileName=Geochron/pdfs/133384.1.pdf,-25.558226,117.73509,"Fielding, IOH, Wingate, MTD, Fletcher, IR, Rasmussen, B, Zi, J-W and Sheppard, S 2022, 133384: leucogabbro, Thompsons Bore; Geochronology Record 1860: Geological Survey of Western Australia, 4p.",/Users/lucymathieson/Peak-Picking-v2/LeadLoss/reports/gswa_missing_pdfs/133384.1.pdf,DOWNLOADED,,1377890
142832,142832.1,U-Pb zircon,142832.1.pdf,https://dasc.dmirs.wa.gov.au/download/Metadata?fileName=Geochron/pdfs/142832.1.pdf,-21.110326,116.89107,"Nelson, DR 2000, 142832: metamorphosed intermediate rock, Whundo; Geochronology Record 391: Geological Survey of Western Australia, 4p.",/Users/lucymathieson/Peak-Picking-v2/LeadLoss/reports/gswa_missing_pdfs/142832.1.pdf,DOWNLOADED,,145121
142933,142933.1,U-Pb zircon,142933.1.pdf,https://dasc.dmirs.wa.gov.au/download/Metadata?fileName=Geochron/pdfs/142933.1.pdf,-25.406296,116.217421,"Nelson, DR 1999, 142933: bio-hypersthene-clinopyroxene-andesine mafic granulite, Meerawana Bore; Geochronology Record 320: Geological Survey of Western Australia, 4p.",/Users/lucymathieson/Peak-Picking-v2/LeadLoss/reports/gswa_missing_pdfs/142933.1.pdf,DOWNLOADED,,259558
142984,142984.1,U-Pb zircon,142984.1.pdf,https://dasc.dmirs.wa.gov.au/download/Metadata?fileName=Geochron/pdfs/142984.1.pdf,-21.185066,120.03055,"Nelson, DR 2000, 142984: pegmatite-banded, even-grained orthogneiss, Talga Well; Geochronology Record 287: Geological Survey of Western Australia, 4p.",/Users/lucymathieson/Peak-Picking-v2/LeadLoss/reports/gswa_missing_pdfs/142984.1.pdf,DOWNLOADED,,165642
165365,165365.1,U-Pb zircon,165365.1.pdf,https://dasc.dmirs.wa.gov.au/download/Metadata?fileName=Geochron/pdfs/165365.1.pdf,-28.048526,119.49961,"Nelson, DR 2004, 165365: foliated biotite granodiorite, Coomb Bore; Geochronology Record 218: Geological Survey of Western Australia, 4p.",/Users/lucymathieson/Peak-Picking-v2/LeadLoss/reports/gswa_missing_pdfs/165365.1.pdf,DOWNLOADED,,601593
168973,168973.1,U-Pb zircon,168973.1.pdf,https://dasc.dmirs.wa.gov.au/download/Metadata?fileName=Geochron/pdfs/168973.1.pdf,-29.566687,118.714861,"Nelson, DR 2001, 168973: biotite monzogranite, Kim Bore; Geochronology Record 177: Geological Survey of Western Australia, 4p.",/Users/lucymathieson/Peak-Picking-v2/LeadLoss/reports/gswa_missing_pdfs/168973.1.pdf,DOWNLOADED,,177607
168983,168983.1,U-Pb zircon,168983.1.pdf,https://dasc.dmirs.wa.gov.au/download/Metadata?fileName=Geochron/pdfs/168983.1.pdf,-25.033926,121.606489,"Nelson, DR 2002, 168983: metasandstone, Weld Spring; Geochronology Record 155: Geological Survey of Western Australia, 4p.",/Users/lucymathieson/Peak-Picking-v2/LeadLoss/reports/gswa_missing_pdfs/168983.1.pdf,DOWNLOADED,,159317
171773,171773.1,U-Pb zircon,171773.1.pdf,https://dasc.dmirs.wa.gov.au/download/Metadata?fileName=Geochron/pdfs/171773.1.pdf,-25.228206,121.136189,"Nelson, DR 2005, 171773: quartz sandstone, Ingebong Hills; Geochronology Record 543: Geological Survey of Western Australia, 4p.",/Users/lucymathieson/Peak-Picking-v2/LeadLoss/reports/gswa_missing_pdfs/171773.1.pdf,DOWNLOADED,,562520
177915,177915.1,U-Pb zircon,177915.1.pdf,https://dasc.dmirs.wa.gov.au/download/Metadata?fileName=Geochron/pdfs/177915.1.pdf,-31.047356,122.2152,"Wingate, MTD and Bodorkos, S 2007, 177915: metasandstone, Randalls Mine; Geochronology Record 664: Geological Survey of Western Australia, 5p.",/Users/lucymathieson/Peak-Picking-v2/LeadLoss/reports/gswa_missing_pdfs/177915.1.pdf,DOWNLOADED,,293909
177916,177916.1,U-Pb zircon,177916.1.pdf,https://dasc.dmirs.wa.gov.au/download/Metadata?fileName=Geochron/pdfs/177916.1.pdf,-31.031076,122.56081,"Wingate, MTD and Bodorkos, S 2007, 177916: metasiltstone, Karonie Mine; Geochronology Record 665: Geological Survey of Western Australia, 4p.",/Users/lucymathieson/Peak-Picking-v2/LeadLoss/reports/gswa_missing_pdfs/177916.1.pdf,DOWNLOADED,,364331
178010,178010.1,U-Pb zircon,178010.1.pdf,https://dasc.dmirs.wa.gov.au/download/Metadata?fileName=Geochron/pdfs/178010.1.pdf,-21.688956,120.62126,"Nelson, DR 2005, 178010: lithic-quartz sandstone, Mount Olive; Geochronology Record 549: Geological Survey of Western Australia, 5p.",/Users/lucymathieson/Peak-Picking-v2/LeadLoss/reports/gswa_missing_pdfs/178010.1.pdf,DOWNLOADED,,561068
178026,178026.1,U-Pb zircon,178026.1.pdf,https://dasc.dmirs.wa.gov.au/download/Metadata?fileName=Geochron/pdfs/178026.1.pdf,-23.860057,115.67001,"Nelson, DR 2005, 178026: muscovite-biotite syenogranite, Russell Well; Geochronology Record 535: Geological Survey of Western Australia, 4p.",/Users/lucymathieson/Peak-Picking-v2/LeadLoss/reports/gswa_missing_pdfs/178026.1.pdf,DOWNLOADED,,557534
178037,178037.1,U-Pb zircon,178037.1.pdf,https://dasc.dmirs.wa.gov.au/download/Metadata?fileName=Geochron/pdfs/178037.1.pdf,-21.230046,119.88465,"Nelson, DR 2005, 178037: biotite granodiorite, Nelson Well; Geochronology Record 561: Geological Survey of Western Australia, 4p.",/Users/lucymathieson/Peak-Picking-v2/LeadLoss/reports/gswa_missing_pdfs/178037.1.pdf,DOWNLOADED,,580094
178052,178052.1,U-Pb zircon,178052.1.pdf,https://dasc.dmirs.wa.gov.au/download/Metadata?fileName=Geochron/pdfs/178052.1.pdf,-28.520656,119.01653,"Nelson, DR 2005, 178052: biotite microgranodiorite, Yuinmery Homestead; Geochronology Record 581: Geological Survey of Western Australia, 4p.",/Users/lucymathieson/Peak-Picking-v2/LeadLoss/reports/gswa_missing_pdfs/178052.1.pdf,DOWNLOADED,,501498
178054,178054.1,U-Pb zircon,178054.1.pdf,https://dasc.dmirs.wa.gov.au/download/Metadata?fileName=Geochron/pdfs/178054.1.pdf,-28.105106,119.135711,"Nelson, DR 2005, 178054: foliated biotite granodiorite, Bell Chamber Well; Geochronology Record 582: Geological Survey of Western Australia, 4p.",/Users/lucymathieson/Peak-Picking-v2/LeadLoss/reports/gswa_missing_pdfs/178054.1.pdf,DOWNLOADED,,565478
178057,178057.1,U-Pb zircon,178057.1.pdf,https://dasc.dmirs.wa.gov.au/download/Metadata?fileName=Geochron/pdfs/178057.1.pdf,-27.898917,119.54957,"Nelson, DR 2005, 178057: biotite monzogranite, Kurrajong Well; Geochronology Record 584: Geological Survey of Western Australia, 4p.",/Users/lucymathieson/Peak-Picking-v2/LeadLoss/reports/gswa_missing_pdfs/178057.1.pdf,DOWNLOADED,,576229
178058,178058.1,U-Pb zircon,178058.1.pdf,https://dasc.dmirs.wa.gov.au/download/Metadata?fileName=Geochron/pdfs/178058.1.pdf,-27.784196,119.87342,"Nelson, DR 2005, 178058: biotite monzogranite, No. 1 Bore; Geochronology Record 585: Geological Survey of Western Australia, 4p.",/Users/lucymathieson/Peak-Picking-v2/LeadLoss/reports/gswa_missing_pdfs/178058.1.pdf,DOWNLOADED,,538281
178059,178059.1,U-Pb zircon,178059.1.pdf,https://dasc.dmirs.wa.gov.au/download/Metadata?fileName=Geochron/pdfs/178059.1.pdf,-27.601786,119.92951,"Nelson, DR 2005, 178059: biotite monzogranite, Michel Bore; Geochronology Record 586: Geological Survey of Western Australia, 4p.",/Users/lucymathieson/Peak-Picking-v2/LeadLoss/reports/gswa_missing_pdfs/178059.1.pdf,DOWNLOADED,,433145
178060,178060.1,U-Pb zircon,178060.1.pdf,https://dasc.dmirs.wa.gov.au/download/Metadata?fileName=Geochron/pdfs/178060.1.pdf,-27.877006,119.35066,"Nelson, DR 2005, 178060: biotite monzogranite, Sandstone; Geochronology Record 587: Geological Survey of Western Australia, 4p.",/Users/lucymathieson/Peak-Picking-v2/LeadLoss/reports/gswa_missing_pdfs/178060.1.pdf,DOWNLOADED,,535772
178062,178062.1,U-Pb zircon,178062.1.pdf,https://dasc.dmirs.wa.gov.au/download/Metadata?fileName=Geochron/pdfs/178062.1.pdf,-27.742516,119.33721,"Nelson, DR 2005, 178062: foliated biotite monzogranite, Wizard Bore; Geochronology Record 589: Geological Survey of Western Australia, 4p.",/Users/lucymathieson/Peak-Picking-v2/LeadLoss/reports/gswa_missing_pdfs/178062.1.pdf,DOWNLOADED,,600065
178064,178064.1,U-Pb zircon,178064.1.pdf,https://dasc.dmirs.wa.gov.au/download/Metadata?fileName=Geochron/pdfs/178064.1.pdf,-28.845066,119.99953,"Nelson, DR 2005, 178064: coarse sandstone, The Stock Well; Geochronology Record 591: Geological Survey of Western Australia, 5p.",/Users/lucymathieson/Peak-Picking-v2/LeadLoss/reports/gswa_missing_pdfs/178064.1.pdf,DOWNLOADED,,583331
178065,178065.1,U-Pb zircon,178065.1.pdf,https://dasc.dmirs.wa.gov.au/download/Metadata?fileName=Geochron/pdfs/178065.1.pdf,-28.453956,119.81041,"Nelson, DR 2005, 178065: recrystallized sandstone, Minga Bore; Geochronology Record 592: Geological Survey of Western Australia, 5p.",/Users/lucymathieson/Peak-Picking-v2/LeadLoss/reports/gswa_missing_pdfs/178065.1.pdf,DOWNLOADED,,559436
178066,178066.1,U-Pb zircon,178066.1.pdf,https://dasc.dmirs.wa.gov.au/download/Metadata?fileName=Geochron/pdfs/178066.1.pdf,-28.453766,119.81092,"Nelson, DR 2005, 178066: recrystallized sandstone, Minga Bore; Geochronology Record 593: Geological Survey of Western Australia, 4p.",/Users/lucymathieson/Peak-Picking-v2/LeadLoss/reports/gswa_missing_pdfs/178066.1.pdf,DOWNLOADED,,483839
178067,178067.1,U-Pb zircon,178067.1.pdf,https://dasc.dmirs.wa.gov.au/download/Metadata?fileName=Geochron/pdfs/178067.1.pdf,-28.347286,119.7507,"Nelson, DR 2005, 178067: recrystallized sandstone, Four Corners Bore; Geochronology Record 594: Geological Survey of Western Australia, 5p.",/Users/lucymathieson/Peak-Picking-v2/LeadLoss/reports/gswa_missing_pdfs/178067.1.pdf,DOWNLOADED,,553793
181127,181127.1,U-Pb zircon,181127.1.pdf,https://dasc.dmirs.wa.gov.au/download/Metadata?fileName=Geochron/pdfs/181127.1.pdf,-23.713926,122.484639,"Wingate, MTD and Bodorkos, S 2007, 181127: quartz sandstone, Durba Hills; Geochronology Record 682: Geological Survey of Western Australia, 7p.",/Users/lucymathieson/Peak-Picking-v2/LeadLoss/reports/gswa_missing_pdfs/181127.1.pdf,DOWNLOADED,,267520
185997,185997.1,U-Pb zircon,185997.1.pdf,https://dasc.dmirs.wa.gov.au/download/Metadata?fileName=Geochron/pdfs/185997.1.pdf,-29.054006,118.13863,"Wingate, MTD, Kirkland, CL and Ivanic, TJ 2015, 185997: granitic gneiss, Tandys Bore; Geochronology Record 1229: Geological Survey of Western Australia, 3p.",/Users/lucymathieson/Peak-Picking-v2/LeadLoss/reports/gswa_missing_pdfs/185997.1.pdf,DOWNLOADED,,543133
194754,194754.1,U-Pb zircon,194754.1.pdf,https://dasc.dmirs.wa.gov.au/download/Metadata?fileName=Geochron/pdfs/194754.1.pdf,-29.173017,117.66264,"Wingate, MTD, Fielding, IOH, Lu, Y and Ivanic, T 2021, 194754: metamonzogranite, Deep Well; Geochronology Record 1821: Geological Survey of Western Australia, 4p.",/Users/lucymathieson/Peak-Picking-v2/LeadLoss/reports/gswa_missing_pdfs/194754.1.pdf,DOWNLOADED,,1810805
195830,195830.1,U-Pb zircon,195830.1.pdf,https://dasc.dmirs.wa.gov.au/download/Metadata?fileName=Geochron/pdfs/195830.1.pdf,-25.612256,117.732081,"Fielding, IOH, Wingate, MTD, Fletcher, IR, Rasmussen, B, Zi, J-W and Johnson, SP 2022, 195830: metamonzogranite, Mount Seabrook; Geochronology Record 1862: Geological Survey of Western Australia, 4p.",/Users/lucymathieson/Peak-Picking-v2/LeadLoss/reports/gswa_missing_pdfs/195830.1.pdf,DOWNLOADED,,2198705
195833,195833.1,U-Pb zircon,195833.1.pdf,https://dasc.dmirs.wa.gov.au/download/Metadata?fileName=Geochron/pdfs/195833.1.pdf,-25.505426,121.780639,"Fielding, IOH, Wingate, MTD, Fletcher, IR, Rasmussen, B, Zi, J-W and Johnson, SP 2022, 195833: sandstone, Sydney Heads Pass; Geochronology Record 1863: Geological Survey of Western Australia, 7p.",/Users/lucymathieson/Peak-Picking-v2/LeadLoss/reports/gswa_missing_pdfs/195833.1.pdf,DOWNLOADED,,1023610
201514,201514.1,U-Pb zircon,201514.1.pdf,https://dasc.dmirs.wa.gov.au/download/Metadata?fileName=Geochron/pdfs/201514.1.pdf,-29.169072,117.653233,"Wingate, MTD, Fielding, IOH, Lu, Y and Smithies, RH 2021, 201514: metagranodiorite, Deep Well; Geochronology Record 1801: Geological Survey of Western Australia, 4p.",/Users/lucymathieson/Peak-Picking-v2/LeadLoss/reports/gswa_missing_pdfs/201514.1.pdf,DOWNLOADED,,1636542
201536,201536.1,U-Pb zircon,201536.1.pdf,https://dasc.dmirs.wa.gov.au/download/Metadata?fileName=Geochron/pdfs/201536.1.pdf,-29.132177,118.30277,"Wingate, MTD, Fielding, IOH, Lu, Y and Smithies, RH 2021, 201536: metamonzogranite, Frogmore Bore; Geochronology Record 1822: Geological Survey of Western Australia, 4p.",/Users/lucymathieson/Peak-Picking-v2/LeadLoss/reports/gswa_missing_pdfs/201536.1.pdf,DOWNLOADED,,1905325
203733,203733.1,U-Pb zircon,203733.1.pdf,https://dasc.dmirs.wa.gov.au/download/Metadata?fileName=Geochron/pdfs/203733.1.pdf,-28.077791,120.54344,"Wingate, MTD, Lu, Y, Fielding, IOH, Smithies, RH and Cassidy, KF 2021, 203733: porphyritic granitic rock, Lawlers mine; Geochronology Record 1851: Geological Survey of Western Australia, 4p.",/Users/lucymathieson/Peak-Picking-v2/LeadLoss/reports/gswa_missing_pdfs/203733.1.pdf,DOWNLOADED,,2883110
203735,203735.1,U-Pb zircon,203735.1.pdf,https://dasc.dmirs.wa.gov.au/download/Metadata?fileName=Geochron/pdfs/203735.1.pdf,-31.308103,121.761185,"Wingate, MTD, Fielding, IOH, Lu, Y, Cassidy, KF and Smithies, RH 2022, 203735: porphyritic metagranodiorite, Lake Lefroy; Geochronology Record 1880: Geological Survey of Western Australia, 5p.",/Users/lucymathieson/Peak-Picking-v2/LeadLoss/reports/gswa_missing_pdfs/203735.1.pdf,DOWNLOADED,,2917060
203736,203736.1,U-Pb zircon,203736.1.pdf,https://dasc.dmirs.wa.gov.au/download/Metadata?fileName=Geochron/pdfs/203736.1.pdf,-31.333105,121.780387,"Wingate, MTD, Lu, Y, Fielding, IOH, Cassidy, KF and Smithies, RH 2022, 203736: porphyritic metagranitic rock, Victory deposit; Geochronology Record 1852: Geological Survey of Western Australia, 4p.",/Users/lucymathieson/Peak-Picking-v2/LeadLoss/reports/gswa_missing_pdfs/203736.1.pdf,DOWNLOADED,,2472071
203738,203738.1,U-Pb zircon,203738.1.pdf,https://dasc.dmirs.wa.gov.au/download/Metadata?fileName=Geochron/pdfs/203738.1.pdf,-28.949279,122.351144,"Wingate, MTD, Fielding, IOH, Lu, Y, Cassidy, KF and Smithies, RH 2022, 203738: porphyritic metasyenite, Lake Carey; Geochronology Record 1881: Geological Survey of Western Australia, 4p.",/Users/lucymathieson/Peak-Picking-v2/LeadLoss/reports/gswa_missing_pdfs/203738.1.pdf,DOWNLOADED,,2828224
203739,203739.1,U-Pb zircon,203739.1.pdf,https://dasc.dmirs.wa.gov.au/download/Metadata?fileName=Geochron/pdfs/203739.1.pdf,-28.956083,122.345253,"Wingate, MTD, Fielding, IOH, Lu, Y, Cassidy, KF and Smithies, RH 2022, 203739: felsic metavolcanic rock, Lake Carey; Geochronology Record 1882: Geological Survey of Western Australia, 5p.",/Users/lucymathieson/Peak-Picking-v2/LeadLoss/reports/gswa_missing_pdfs/203739.1.pdf,DOWNLOADED,,2776773
203740,203740.1,U-Pb zircon,203740.1.pdf,https://dasc.dmirs.wa.gov.au/download/Metadata?fileName=Geochron/pdfs/203740.1.pdf,-28.858098,122.305339,"Wingate, MTD, Fielding, IOH, Lu, Y, Cassidy, KF and Smithies, RH 2022, 203740: porphyritic metasyenite, Wallaby mine; Geochronology Record 1883: Geological Survey of Western Australia, 4p.",/Users/lucymathieson/Peak-Picking-v2/LeadLoss/reports/gswa_missing_pdfs/203740.1.pdf,DOWNLOADED,,2417361
203748,203748.1,SHRIMP U-Pb zircon,203748.1.pdf,https://dasc.dmirs.wa.gov.au/download/Metadata?fileName=Geochron/pdfs/203748.1.pdf,-34.946456,117.850686,"Wingate, MTD, Lu, Y and Fielding, IOH 2025, 203748.1: biotite–hornblende metamonzogranite, Willyung Hill; Geochronology Record 1940: Geological Survey of Western Australia, WA Geology Online, Explanatory Notes extract. <www.dmpe.wa.gov.au/geochron>",/Users/lucymathieson/Peak-Picking-v2/LeadLoss/reports/gswa_missing_pdfs/203748.1.pdf,DOWNLOADED,,5280429
209650,209650.1,U-Pb zircon,209650.1.pdf,https://dasc.dmirs.wa.gov.au/download/Metadata?fileName=Geochron/pdfs/209650.1.pdf,-27.916316,117.86721,"Wingate, MTD, Fielding, IOH, Lu, Y and Zibra, I 2021, 209650: metagranodiorite vein, Success Well; Geochronology Record 1830: Geological Survey of Western Australia, 4p.",/Users/lucymathieson/Peak-Picking-v2/LeadLoss/reports/gswa_missing_pdfs/209650.1.pdf,DOWNLOADED,,2541357
209651,209651.1,U-Pb zircon,209651.1.pdf,https://dasc.dmirs.wa.gov.au/download/Metadata?fileName=Geochron/pdfs/209651.1.pdf,-27.916316,117.86721,"Wingate, MTD, Fielding, IOH, Lu, Y and Zibra, I 2021, 209651: metamonzogranite, Success Well; Geochronology Record 1831: Geological Survey of Western Australia, 4p.",/Users/lucymathieson/Peak-Picking-v2/LeadLoss/reports/gswa_missing_pdfs/209651.1.pdf,DOWNLOADED,,2720660
210217,210217.1,U-Pb zircon,210217.1.pdf,https://dasc.dmirs.wa.gov.au/download/Metadata?fileName=Geochron/pdfs/210217.1.pdf,-28.675957,116.7751,"Wingate, MTD, Fielding, IOH, Lu, Y and Zibra, I 2021, 210217: metamonzogranite, South Well; Geochronology Record 1802: Geological Survey of Western Australia, 4p.",/Users/lucymathieson/Peak-Picking-v2/LeadLoss/reports/gswa_missing_pdfs/210217.1.pdf,DOWNLOADED,,1890792
211111,211111.1,SHRIMP U-Pb zircon,211111.1.pdf,https://dasc.dmirs.wa.gov.au/download/Metadata?fileName=Geochron/pdfs/211111.1.pdf,-26.996997,117.381361,"Romano, SS, Fielding, IOH, Wingate, MTD, Lu, Y and Ivanic, TJ 2023, 211111.1: meta-andesite, McCrae Bore; Geochronology Record 1910: Geological Survey of Western Australia, WA Geology Online, Explanatory Notes extract viewed 11 October 2023. <www.dmirs.wa.gov.au/geochron>",/Users/lucymathieson/Peak-Picking-v2/LeadLoss/reports/gswa_missing_pdfs/211111.1.pdf,DOWNLOADED,,2369903
211118,211118.1,SHRIMP U-Pb zircon,211118.1.pdf,https://dasc.dmirs.wa.gov.au/download/Metadata?fileName=Geochron/pdfs/211118.1.pdf,-28.673167,116.37715,"Romano, SS, Wingate, MTD, LU, Y, Fielding, IOH and Ivanic, TJ 2023, 211118.1: lamprophyre dyke, Deflector prospect; Geochronology Record 1930: Geological Survey of Western Australia, WA Geology Online, Explanatory Notes extract viewed 13 December 2023. <www.dmirs.wa.gov.au/geochron>",/Users/lucymathieson/Peak-Picking-v2/LeadLoss/reports/gswa_missing_pdfs/211118.1.pdf,DOWNLOADED,,3597523
211120,211120.1,U-Pb zircon,211120.1.pdf,https://dasc.dmirs.wa.gov.au/download/Metadata?fileName=Geochron/pdfs/211120.1.pdf,-28.671897,116.37537,"Wingate, MTD, Lu, Y, Fielding, IOH and Ivanic, TJ 2021, 211120: altered breccia, Deflector prospect; Geochronology Record 1823: Geological Survey of Western Australia, 7p.",/Users/lucymathieson/Peak-Picking-v2/LeadLoss/reports/gswa_missing_pdfs/211120.1.pdf,DOWNLOADED,,2356463
212791,212791.1,U-Pb zircon,212791.1.pdf,https://dasc.dmirs.wa.gov.au/download/Metadata?fileName=Geochron/pdfs/212791.1.pdf,-27.988946,120.45936,"Wingate, MTD, Lu, Y, Fielding, IOH and Zibra, I 2021, 212791: monzogranite gneiss, New Holland mine; Geochronology Record 1824: Geological Survey of Western Australia, 4p.",/Users/lucymathieson/Peak-Picking-v2/LeadLoss/reports/gswa_missing_pdfs/212791.1.pdf,DOWNLOADED,,2547538
214138,214138.1,SHRIMP U-Pb zircon,214138.1.pdf,https://dasc.dmirs.wa.gov.au/download/Metadata?fileName=Geochron/pdfs/214138.1.pdf,-28.468997,116.738341,"Fielding, IOH, Lu, Y, Wingate, MTD and Zibra, I 2023, 214138: granodiorite gneiss, Joker Well; Geochronology Record 1905: Geological Survey of Western Australia, WA Geology Online, Explanatory Notes extract viewed 5 July 2023. <www.dmirs.wa.gov.au/geochron>",/Users/lucymathieson/Peak-Picking-v2/LeadLoss/reports/gswa_missing_pdfs/214138.1.pdf,DOWNLOADED,,1305736
214139,214139.1,SHRIMP U-Pb zircon,214139.1.pdf,https://dasc.dmirs.wa.gov.au/download/Metadata?fileName=Geochron/pdfs/214139.1.pdf,-28.468497,116.739021,"Fielding, IOH, Lu, Y, Wingate, MTD and Zibra, I 2023, 214139: monzogranite gneiss, Joker Well; Geochronology Record 1906: Geological Survey of Western Australia, WA Geology Online, Explanatory Notes extract viewed 5 July 2023. <www.dmirs.wa.gov.au/geochron>",/Users/lucymathieson/Peak-Picking-v2/LeadLoss/reports/gswa_missing_pdfs/214139.1.pdf,DOWNLOADED,,1496305
214315,214315.1,SHRIMP U-Pb zircon,214315.1.pdf,https://dasc.dmirs.wa.gov.au/download/Metadata?fileName=Geochron/pdfs/214315.1.pdf,-28.700735,116.667586,"Fielding, IOH, Lu, Y, Wingate, MTD and Zibra, I 2023, 214315: metagranodiorite dyke, Wooley Spring; Geochronology Record 1907: Geological Survey of Western Australia, WA Geology Online, Explanatory Notes extract viewed 5 July 2023. <www.dmirs.wa.gov.au/geochron>",/Users/lucymathieson/Peak-Picking-v2/LeadLoss/reports/gswa_missing_pdfs/214315.1.pdf,DOWNLOADED,,2414678
215316,215316.1,U-Pb zircon,215316.1.pdf,https://dasc.dmirs.wa.gov.au/download/Metadata?fileName=Geochron/pdfs/215316.1.pdf,-30.543733,116.056461,"Wingate, MTD, Lu, Y, Fielding, IOH, Haines, PW and Allen, HJ 2022, 215316: metasandstone, Midlands Road; Geochronology Record 1850: Geological Survey of Western Australia, 8p.",/Users/lucymathieson/Peak-Picking-v2/LeadLoss/reports/gswa_missing_pdfs/215316.1.pdf,DOWNLOADED,,2210033
220109,220109.1,U-Pb zircon,220109.1.pdf,https://dasc.dmirs.wa.gov.au/download/Metadata?fileName=Geochron/pdfs/220109.1.pdf,-28.299068,115.016696,"Wingate, MTD, Lu, Y and Allen, HJ 2021, 220109: sandstone, Wendy 1; Geochronology Record 1826: Geological Survey of Western Australia, 9p.",/Users/lucymathieson/Peak-Picking-v2/LeadLoss/reports/gswa_missing_pdfs/220109.1.pdf,DOWNLOADED,,1914643
220110,220110.1,U-Pb zircon,220110.1.pdf,https://dasc.dmirs.wa.gov.au/download/Metadata?fileName=Geochron/pdfs/220110.1.pdf,-28.299068,115.016696,"Wingate, MTD, Lu, Y and Allen, HJ 2021, 220110: sandstone, Wendy 1; Geochronology Record 1827: Geological Survey of Western Australia, 9p.",/Users/lucymathieson/Peak-Picking-v2/LeadLoss/reports/gswa_missing_pdfs/220110.1.pdf,DOWNLOADED,,3072891
222651,222651.1,U-Pb zircon,222651.1.pdf,https://dasc.dmirs.wa.gov.au/download/Metadata?fileName=Geochron/pdfs/222651.1.pdf,-29.675617,121.07404,"Wingate, MTD, Lu, Y, Fielding, IOH and Sapkota, J 2022, 222651: metadacite, Mount Menzies; Geochronology Record 1853: Geological Survey of Western Australia, 4p.",/Users/lucymathieson/Peak-Picking-v2/LeadLoss/reports/gswa_missing_pdfs/222651.1.pdf,DOWNLOADED,,1516303
222712,222712.1,U-Pb zircon,222712.1.pdf,https://dasc.dmirs.wa.gov.au/download/Metadata?fileName=Geochron/pdfs/222712.1.pdf,-29.007757,120.510693,"Wingate, MTD, Lu, Y, Fielding, IOH and De Paoli, M 2021, 222712: quartzite, Lawlers - Mount Ida Road; Geochronology Record 1855: Geological Survey of Western Australia, 4p.",/Users/lucymathieson/Peak-Picking-v2/LeadLoss/reports/gswa_missing_pdfs/222712.1.pdf,DOWNLOADED,,1759011
222720,222720.1,U-Pb zircon,222720.1.pdf,https://dasc.dmirs.wa.gov.au/download/Metadata?fileName=Geochron/pdfs/222720.1.pdf,-29.047118,120.513136,"Wingate, MTD, Lu, Y, Fielding, IOH and De Paoli, M 2022, 222720: metagabbro, Oberwyl Hill; Geochronology Record 1856: Geological Survey of Western Australia, 4p.",/Users/lucymathieson/Peak-Picking-v2/LeadLoss/reports/gswa_missing_pdfs/222720.1.pdf,DOWNLOADED,,1728461
222724,222724.1,U-Pb zircon,222724.1.pdf,https://dasc.dmirs.wa.gov.au/download/Metadata?fileName=Geochron/pdfs/222724.1.pdf,-28.978667,120.569531,"Wingate, MTD, Lu, Y, Fielding, IOH and Sapkota, J 2022, 222724: metagranodiorite, Gregory Well; Geochronology Record 1884: Geological Survey of Western Australia, 4p.",/Users/lucymathieson/Peak-Picking-v2/LeadLoss/reports/gswa_missing_pdfs/222724.1.pdf,DOWNLOADED,,2823881
225756,225756.1,U-Pb zircon,225756.1.pdf,https://dasc.dmirs.wa.gov.au/download/Metadata?fileName=Geochron/pdfs/225756.1.pdf,-22.331166,118.32157,"Wingate, MTD, Fielding, IOH, Lu, Y and Martin, DMcB 2021, 225756: volcaniclastic rock, Wittenoom Gorge; Geochronology Record 1810: Geological Survey of Western Australia, 6p.",/Users/lucymathieson/Peak-Picking-v2/LeadLoss/reports/gswa_missing_pdfs/225756.1.pdf,DOWNLOADED,,2502782
225757,225757.1,U-Pb zircon,225757.1.pdf,https://dasc.dmirs.wa.gov.au/download/Metadata?fileName=Geochron/pdfs/225757.1.pdf,-22.331166,118.32157,"Wingate, MTD, Fielding, IOH, Lu, Y and Martin, DMcB 2021, 225757: volcaniclastic rock, Wittenoom Gorge; Geochronology Record 1811: Geological Survey of Western Australia, 7p.",/Users/lucymathieson/Peak-Picking-v2/LeadLoss/reports/gswa_missing_pdfs/225757.1.pdf,DOWNLOADED,,2803080
225758,225758.1,U-Pb zircon,225758.1.pdf,https://dasc.dmirs.wa.gov.au/download/Metadata?fileName=Geochron/pdfs/225758.1.pdf,-22.326466,118.32813,"Wingate, MTD, Fielding, IOH, Lu, Y and Martin, DMcB 2021, 225758: tuffaceous volcanic rock, Wittenoom Gorge; Geochronology Record 1812: Geological Survey of Western Australia, 4p.",/Users/lucymathieson/Peak-Picking-v2/LeadLoss/reports/gswa_missing_pdfs/225758.1.pdf,DOWNLOADED,,2233559
225760,225760.1,U-Pb zircon,225760.1.pdf,https://dasc.dmirs.wa.gov.au/download/Metadata?fileName=Geochron/pdfs/225760.1.pdf,-22.326526,118.32814,"Wingate, MTD, Fielding, IOH, Lu, Y and Martin, DMcB 2021, 225760: tuffaceous volcanic rock, Wittenoom Gorge; Geochronology Record 1813: Geological Survey of Western Australia, 4p.",/Users/lucymathieson/Peak-Picking-v2/LeadLoss/reports/gswa_missing_pdfs/225760.1.pdf,DOWNLOADED,,1878750
225797,225797.1,U-Pb zircon,225797.1.pdf,https://dasc.dmirs.wa.gov.au/download/Metadata?fileName=Geochron/pdfs/225797.1.pdf,-21.714027,116.0549,"Wingate, MTD, Fielding, IOH, Lu, Y and Martin, DMcB 2021, 225797: porphyritic microgranite, Three Peak Hill; Geochronology Record 1814: Geological Survey of Western Australia, 4p.",/Users/lucymathieson/Peak-Picking-v2/LeadLoss/reports/gswa_missing_pdfs/225797.1.pdf,DOWNLOADED,,2135259
225819,225819.1,U-Pb zircon,225819.1.pdf,https://dasc.dmirs.wa.gov.au/download/Metadata?fileName=Geochron/pdfs/225819.1.pdf,-22.287018,117.851716,"Wingate, MTD, Fielding, IOH, Lu, Y and Howard, HM 2021, 225819: feldspathic sandstone, Silvergrass prospect; Geochronology Record 1815: Geological Survey of Western Australia, 4p.",/Users/lucymathieson/Peak-Picking-v2/LeadLoss/reports/gswa_missing_pdfs/225819.1.pdf,DOWNLOADED,,1884398
225947,225947.1,U-Pb zircon,225947.1.pdf,https://dasc.dmirs.wa.gov.au/download/Metadata?fileName=Geochron/pdfs/225947.1.pdf,-22.287018,117.851716,"Wingate, MTD, Fielding, IOH, Lu, Y and Howard, HM 2021, 225947: altered volcaniclastic rock, Silvergrass prospect; Geochronology Record 1816: Geological Survey of Western Australia, 4p.",/Users/lucymathieson/Peak-Picking-v2/LeadLoss/reports/gswa_missing_pdfs/225947.1.pdf,DOWNLOADED,,1740280
226183,226183.1,U-Pb zircon,226183.1.pdf,https://dasc.dmirs.wa.gov.au/download/Metadata?fileName=Geochron/pdfs/226183.1.pdf,-20.569986,123.25862,"Wingate, MTD, Lu, Y and Dent, LM 2021, 226183: sandstone, Nicolay 1; Geochronology Record 1760: Geological Survey of Western Australia, 7p.",/Users/lucymathieson/Peak-Picking-v2/LeadLoss/reports/gswa_missing_pdfs/226183.1.pdf,DOWNLOADED,,3266743
226184,226184.1,U-Pb zircon,226184.1.pdf,https://dasc.dmirs.wa.gov.au/download/Metadata?fileName=Geochron/pdfs/226184.1.pdf,-20.569986,123.25862,"Wingate, MTD, Lu, Y and Dent, LM 2021, 226184: sandstone, Nicolay 1; Geochronology Record 1761: Geological Survey of Western Australia, 8p.",/Users/lucymathieson/Peak-Picking-v2/LeadLoss/reports/gswa_missing_pdfs/226184.1.pdf,DOWNLOADED,,3344041
226185,226185.1,U-Pb zircon,226185.1.pdf,https://dasc.dmirs.wa.gov.au/download/Metadata?fileName=Geochron/pdfs/226185.1.pdf,-20.569986,123.25862,"Wingate, MTD, Lu, Y and Dent, LM 2021c, 226185: sandstone, Nicolay 1; Geochronology Record 1762: Geological Survey of Western Australia, 8p.",/Users/lucymathieson/Peak-Picking-v2/LeadLoss/reports/gswa_missing_pdfs/226185.1.pdf,DOWNLOADED,,3393844
226186,226186.1,U-Pb zircon,226186.1.pdf,https://dasc.dmirs.wa.gov.au/download/Metadata?fileName=Geochron/pdfs/226186.1.pdf,-20.569986,123.25862,"Wingate, MTD, Lu, Y and Dent, LM 2021, 226186: sandstone, Nicolay 1; Geochronology Record 1763: Geological Survey of Western Australia, 5p.",/Users/lucymathieson/Peak-Picking-v2/LeadLoss/reports/gswa_missing_pdfs/226186.1.pdf,DOWNLOADED,,2651936
227224,227224.1,U-Pb zircon,227224.1.pdf,https://dasc.dmirs.wa.gov.au/download/Metadata?fileName=Geochron/pdfs/227224.1.pdf,-28.577897,116.45796,"Wingate, MTD, Fielding, IOH, Lu, Y and Ivanic, TJ 2021, 227224: tonalite, Edamurta Range; Geochronology Record 1803: Geological Survey of Western Australia, 4p.",/Users/lucymathieson/Peak-Picking-v2/LeadLoss/reports/gswa_missing_pdfs/227224.1.pdf,DOWNLOADED,,1582024
227268,227268.1,U-Pb zircon,227268.1.pdf,https://dasc.dmirs.wa.gov.au/download/Metadata?fileName=Geochron/pdfs/227268.1.pdf,-28.194087,116.68832,"Wingate, MTD, Lu, Y, Fielding, IOH and Ivanic, TJ 2021, 227268: altered volcaniclastic rock, Woolgah Hill; Geochronology Record 1825: Geological Survey of Western Australia, 4p.",/Users/lucymathieson/Peak-Picking-v2/LeadLoss/reports/gswa_missing_pdfs/227268.1.pdf,DOWNLOADED,,2351775
228446,228446.1,U-Pb zircon,228446.1.pdf,https://dasc.dmirs.wa.gov.au/download/Metadata?fileName=Geochron/pdfs/228446.1.pdf,-22.560817,119.492782,"Wingate, MTD, Lu, Y, Fielding, IOH and Howard, HM 2021, 228446: metagranodiorite, Ilbianna Well; Geochronology Record 1731: Geological Survey of Western Australia, 4p.",/Users/lucymathieson/Peak-Picking-v2/LeadLoss/reports/gswa_missing_pdfs/228446.1.pdf,DOWNLOADED,,1684023
229285,229285.1,SHRIMP U-Pb zircon,229285.1.pdf,https://dasc.dmirs.wa.gov.au/download/Metadata?fileName=Geochron/pdfs/229285.1.pdf,-30.767327,116.635161,"Romano, SS, Lu, Y, Fielding, IOH, Wingate, MTD and Ivanic, TJ 2023, 229285.1: actinolite-biotite schist, Mount Rupert; Geochronology Record 1911: Geological Survey of Western Australia, WA Geology Online, Explanatory Notes extract viewed 11 October 2023. <www.dmirs.wa.gov.au/geochron>",/Users/lucymathieson/Peak-Picking-v2/LeadLoss/reports/gswa_missing_pdfs/229285.1.pdf,DOWNLOADED,,2301224
229320,229320.1,SHRIMP U-Pb zircon,229320.1.pdf,https://dasc.dmirs.wa.gov.au/download/Metadata?fileName=Geochron/pdfs/229320.1.pdf,-27.768016,117.13957,"Romano, SS, Lu, Y, Fielding, IOH, Wingate, MTD and Ivanic, TJ 2023, 229320.1: metamonzogranite, Rosary Bore; Geochronology Record 1912: Geological Survey of Western Australia, WA Geology Online, Explanatory Notes extract viewed 11 October 2023. <www.dmirs.wa.gov.au/geochron>",/Users/lucymathieson/Peak-Picking-v2/LeadLoss/reports/gswa_missing_pdfs/229320.1.pdf,DOWNLOADED,,8010159
229748,229748.1,SHRIMP U-Pb zircon,229748.1.pdf,https://dasc.dmirs.wa.gov.au/download/Metadata?fileName=Geochron/pdfs/229748.1.pdf,-27.995506,120.45823,"Romano, SS, Lu, Y, Fielding, IOH, Wingate, MTD and Zibra, I 2023, 229748.1: tonalitic gneiss, New Holland Mine; Geochronology Record 1913: Geological Survey of Western Australia, WA Geology Online, Explanatory Notes extract viewed 11 October 2023. <www.dmirs.wa.gov.au/geochron>",/Users/lucymathieson/Peak-Picking-v2/LeadLoss/reports/gswa_missing_pdfs/229748.1.pdf,DOWNLOADED,,2348734
229828,229828.1,U-Pb zircon,229828.1.pdf,https://dasc.dmirs.wa.gov.au/download/Metadata?fileName=Geochron/pdfs/229828.1.pdf,-31.990462,121.894362,"Wingate, MTD, Fielding, IOH, Lu, Y and Smithies, RH 2022, 229828: feldspathic sandstone, Killaloe prospect; Geochronology Record 1885: Geological Survey of Western Australia, 4p.",/Users/lucymathieson/Peak-Picking-v2/LeadLoss/reports/gswa_missing_pdfs/229828.1.pdf,DOWNLOADED,,1485698
230507,230507.1,U-Pb zircon,230507.1.pdf,https://dasc.dmirs.wa.gov.au/download/Metadata?fileName=Geochron/pdfs/230507.1.pdf,-28.323476,121.06529,"Wingate, MTD, Fielding, IOH, Lu, Y and Sapkota, J 2022, 230507: metadacite, Junior Hill prospect; Geochronology Record 1886: Geological Survey of Western Australia, 4p.",/Users/lucymathieson/Peak-Picking-v2/LeadLoss/reports/gswa_missing_pdfs/230507.1.pdf,DOWNLOADED,,2573336
230514,230514.1,U-Pb zircon,230514.1.pdf,https://dasc.dmirs.wa.gov.au/download/Metadata?fileName=Geochron/pdfs/230514.1.pdf,-28.323476,121.06529,"Wingate, MTD, Fielding, IOH, Lu, Y and Sapkota, J 2022, 230514: metarhyolite, Junior Hill prospect; Geochronology Record 838: Geological Survey of Western Australia, 4p.",/Users/lucymathieson/Peak-Picking-v2/LeadLoss/reports/gswa_missing_pdfs/230514.1.pdf,DOWNLOADED,,2504222
231142,231142.1,SHRIMP U-Pb zircon,231142.1.pdf,https://dasc.dmirs.wa.gov.au/download/Metadata?fileName=Geochron/pdfs/231142.1.pdf,-28.171134,119.507546,"Romano, SS, Lu, Y, Fielding, IOH, Wingate, MTD and Ivanic, TJ 2023, 231142.1: hornblende-biotite metagranodiorite, Mount Dwyer; Geochronology Record 1914: Geological Survey of Western Australia, WA Geology Online, Explanatory Notes extract viewed 11 October 2023. <www.dmirs.wa.gov.au/geochron>",/Users/lucymathieson/Peak-Picking-v2/LeadLoss/reports/gswa_missing_pdfs/231142.1.pdf,DOWNLOADED,,2207394
231258,231258.1,SHRIMP U-Pb zircon,231258.1.pdf,https://dasc.dmirs.wa.gov.au/download/Metadata?fileName=Geochron/pdfs/231258.1.pdf,-27.258747,116.01437,"Romano, SS, Lu, Y, Fielding, IOH, Wingate, MTD and Ivanic, TJ 2023, 231258.1: metagranodiorite, Stockyard Well; Geochronology Record 1915: Geological Survey of Western Australia, WA Geology Online, Explanatory Notes extract viewed 11 October 2023. <www.dmirs.wa.gov.au/geochron>",/Users/lucymathieson/Peak-Picking-v2/LeadLoss/reports/gswa_missing_pdfs/231258.1.pdf,DOWNLOADED,,7059130
231273,231273.1,SHRIMP U-Pb zircon,231273.1.pdf,https://dasc.dmirs.wa.gov.au/download/Metadata?fileName=Geochron/pdfs/231273.1.pdf,-27.616977,115.733481,"Romano, SS, Lu, Y, Fielding, IOH, Wingate, MTD and Ivanic, TJ 2023, 231273.1: metagranodiorite, Marriwallen Spring; Geochronology Record 1916: Geological Survey of Western Australia, WA Geology Online, Explanatory Notes extract viewed 11 October 2023. <www.dmirs.wa.gov.au/geochron>",/Users/lucymathieson/Peak-Picking-v2/LeadLoss/reports/gswa_missing_pdfs/231273.1.pdf,DOWNLOADED,,10491641
232522,232522.1,U-Pb zircon,232522.1.pdf,https://dasc.dmirs.wa.gov.au/download/Metadata?fileName=Geochron/pdfs/232522.1.pdf,-21.365653,116.808061,"Wingate, MTD, Fielding, IOH, Lu, Y and Howard, HM 2021, 232522: metamonzogranite, Balmoral prospect; Geochronology Record 1817: Geological Survey of Western Australia, 4p.",/Users/lucymathieson/Peak-Picking-v2/LeadLoss/reports/gswa_missing_pdfs/232522.1.pdf,DOWNLOADED,,1723015
235129,235129.1,U-Pb zircon,235129.1.pdf,https://dasc.dmirs.wa.gov.au/download/Metadata?fileName=Geochron/pdfs/235129.1.pdf,-27.631987,122.276413,"Wingate, MTD, Fielding, IOH, Lu, Y and Grech, LL 2021, 235129: quartz metadiorite, Duketon; Geochronology Record 1833: Geological Survey of Western Australia, 4p.",/Users/lucymathieson/Peak-Picking-v2/LeadLoss/reports/gswa_missing_pdfs/235129.1.pdf,DOWNLOADED,,1815726
235199,235199.1,U-Pb zircon,235199.1.pdf,https://dasc.dmirs.wa.gov.au/download/Metadata?fileName=Geochron/pdfs/235199.1.pdf,-27.531338,122.288973,"Wingate, MTD, Fielding, IOH, Lu, Y and Grech, LL 2021, 235199: metadacite, Duketon; Geochronology Record 1834: Geological Survey of Western Australia, 5p.",/Users/lucymathieson/Peak-Picking-v2/LeadLoss/reports/gswa_missing_pdfs/235199.1.pdf,DOWNLOADED,,2214633
236002,236002.1,U-Pb zircon,236002.1.pdf,https://dasc.dmirs.wa.gov.au/download/Metadata?fileName=Geochron/pdfs/236002.1.pdf,-31.027797,121.926738,"Wingate, MTD, Lu, Y, Fielding, IOH and Smithies, RH 2022, 236002: metadacite, Daisy Milano mine; Geochronology Record 1857: Geological Survey of Western Australia, 4p.",/Users/lucymathieson/Peak-Picking-v2/LeadLoss/reports/gswa_missing_pdfs/236002.1.pdf,DOWNLOADED,,2438090
236191,236191.1,U-Pb zircon,236191.1.pdf,https://dasc.dmirs.wa.gov.au/download/Metadata?fileName=Geochron/pdfs/236191.1.pdf,-30.719527,122.57136,"Wingate, MTD, Lu, Y, Fielding, IOH and Smithies, RH 2022, 236191: metagabbro, Bombora prospect; Geochronology Record 1858: Geological Survey of Western Australia, 4p.",/Users/lucymathieson/Peak-Picking-v2/LeadLoss/reports/gswa_missing_pdfs/236191.1.pdf,DOWNLOADED,,2872526
238531,238531.1,U-Pb zircon,238531.1.pdf,https://dasc.dmirs.wa.gov.au/download/Metadata?fileName=Geochron/pdfs/238531.1.pdf,-27.719916,117.13932,"Wingate, MTD, Fielding, IOH, Lu, Y and Zibra, I 2021, 238531: metamonzogranite, Scotties Bore; Geochronology Record 1804: Geological Survey of Western Australia, 4p.",/Users/lucymathieson/Peak-Picking-v2/LeadLoss/reports/gswa_missing_pdfs/238531.1.pdf,DOWNLOADED,,2147248
239798,239798.1,U-Pb zircon,239798.1.pdf,https://dasc.dmirs.wa.gov.au/download/Metadata?fileName=Geochron/pdfs/239798.1.pdf,-21.641777,116.21074,"Wingate, MTD, Fielding, IOH, Lu, Y and Martin, DMcB 2021, 239798: porphyritic dyke, Pannawonica Road; Geochronology Record 1818: Geological Survey of Western Australia, 4p.",/Users/lucymathieson/Peak-Picking-v2/LeadLoss/reports/gswa_missing_pdfs/239798.1.pdf,DOWNLOADED,,2215082
240118,240118.1,U-Pb zircon,240118.1.pdf,https://dasc.dmirs.wa.gov.au/download/Metadata?fileName=Geochron/pdfs/240118.1.pdf,-29.146467,120.38222,"Wingate, MTD, Fielding, IOH, Lu, Y and Zibra, I 2021, 240118: metamonzogranite, Mount Mason; Geochronology Record 1832: Geological Survey of Western Australia, 4p.",/Users/lucymathieson/Peak-Picking-v2/LeadLoss/reports/gswa_missing_pdfs/240118.1.pdf,DOWNLOADED,,1872543
240481,240481.1,U-Pb zircon,240481.1.pdf,https://dasc.dmirs.wa.gov.au/download/Metadata?fileName=Geochron/pdfs/240481.1.pdf,-30.181597,121.22383,"Wingate, MTD, Lu, Y, Fielding, IOH and De Paoli, M 2022, 240481: porphyritic metadacite, Aphrodite prospect; Geochronology Record 1859: Geological Survey of Western Australia, 5p.",/Users/lucymathieson/Peak-Picking-v2/LeadLoss/reports/gswa_missing_pdfs/240481.1.pdf,DOWNLOADED,,1964262
242405,242405.1,U-Pb zircon,242405.1.pdf,https://dasc.dmirs.wa.gov.au/download/Metadata?fileName=Geochron/pdfs/242405.1.pdf,-29.761067,117.139681,"Wingate, MTD, Fielding, IOH, Lu, Y and Ivanic, T 2021, 242405: metamonzogranite, Mount Gibson mine; Geochronology Record 1805: Geological Survey of Western Australia, 4p.",/Users/lucymathieson/Peak-Picking-v2/LeadLoss/reports/gswa_missing_pdfs/242405.1.pdf,DOWNLOADED,,2835755
242407,242407.1,U-Pb zircon,242407.1.pdf,https://dasc.dmirs.wa.gov.au/download/Metadata?fileName=Geochron/pdfs/242407.1.pdf,-29.554016,117.14659,"Wingate, MTD, Fielding, IOH, Lu, Y and Ivanic, T 2021, 242407: metadacite, Bungeye Well; Geochronology Record 1806: Geological Survey of Western Australia, 4p.",/Users/lucymathieson/Peak-Picking-v2/LeadLoss/reports/gswa_missing_pdfs/242407.1.pdf,DOWNLOADED,,1761005
242435,242435.1,SHRIMP U-Pb zircon,242435.1.pdf,https://dasc.dmirs.wa.gov.au/download/Metadata?fileName=Geochron/pdfs/242435.1.pdf,-29.349607,116.637091,"Romano, SS, Lu, Y, Fielding, IOH, Wingate, MTD and Ivanic, TJ 2023, 242435.1: metamonzogranite, Damperwah Hills; Geochronology Record 1917: Geological Survey of Western Australia, WA Geology Online, Explanatory Notes extract viewed 11 October 2023. <www.dmirs.wa.gov.au/geochron>",/Users/lucymathieson/Peak-Picking-v2/LeadLoss/reports/gswa_missing_pdfs/242435.1.pdf,DOWNLOADED,,1345989
242439,242439.1,SHRIMP U-Pb zircon,242439.1.pdf,https://dasc.dmirs.wa.gov.au/download/Metadata?fileName=Geochron/pdfs/242439.1.pdf,-29.105117,116.092471,"Romano, SS, Lu, Y, Fielding, IOH, Wingate, MTD and Ivanic, TJ 2023, 242439.1: granodiorite gneiss, Mt Marvel quarry; Geochronology Record 1918: Geological Survey of Western Australia, WA Geology Online, Explanatory Notes extract viewed 11 October 2023. <www.dmirs.wa.gov.au/geochron>",/Users/lucymathieson/Peak-Picking-v2/LeadLoss/reports/gswa_missing_pdfs/242439.1.pdf,DOWNLOADED,,2367984
242442,242442.1,SHRIMP U-Pb zircon,242442.1.pdf,https://dasc.dmirs.wa.gov.au/download/Metadata?fileName=Geochron/pdfs/242442.1.pdf,-29.567647,115.956871,"Romano, SS, Wingate, MTD, LU, Y, Fielding, IOH and Ivanic, TJ 2023, 242442.1: feldspathic gneiss, Passchendeele farm; Geochronology Record 1931: Geological Survey of Western Australia, WA Geology Online, Explanatory Notes extract viewed 13 December 2023. <www.dmirs.wa.gov.au/geochron>",/Users/lucymathieson/Peak-Picking-v2/LeadLoss/reports/gswa_missing_pdfs/242442.1.pdf,DOWNLOADED,,3118008
242455,242455.1,SHRIMP U-Pb zircon,242455.1.pdf,https://dasc.dmirs.wa.gov.au/download/Metadata?fileName=Geochron/pdfs/242455.1.pdf,-26.958637,117.419761,"Romano, SS, Lu, Y, Fielding, IOH and Ivanic, TJ 2023, 242455.1: metagranodiorite, Mardoonganna Hills; Geochronology Record 1919: Geological Survey of Western Australia, WA Geology Online, Explanatory Notes extract viewed 11 October 2023. <www.dmirs.wa.gov.au/geochron>",/Users/lucymathieson/Peak-Picking-v2/LeadLoss/reports/gswa_missing_pdfs/242455.1.pdf,DOWNLOADED,,1991382
242490,242490.1,SHRIMP U-Pb zircon,242490.1.pdf,https://dasc.dmirs.wa.gov.au/download/Metadata?fileName=Geochron/pdfs/242490.1.pdf,-26.840467,117.027121,"Romano, SS, Wingate, MTD, LU, Y, Fielding, IOH and Ivanic, TJ 2023, 242490.1: metamonzogranite, Wogara Bore; Geochronology Record 1932: Geological Survey of Western Australia, WA Geology Online, Explanatory Notes extract viewed 13 December 2023. <www.dmirs.wa.gov.au/geochron>",/Users/lucymathieson/Peak-Picking-v2/LeadLoss/reports/gswa_missing_pdfs/242490.1.pdf,DOWNLOADED,,3963124
242491,242491.1,SHRIMP U-Pb zircon,242491.1.pdf,https://dasc.dmirs.wa.gov.au/download/Metadata?fileName=Geochron/pdfs/242491.1.pdf,-26.855067,116.821521,"Romano, SS, Wingate, MTD, LU, Y, Fielding, IOH and Ivanic, TJ 2023, 242491.1: metamonzogranite, Piabubba Well; Geochronology Record 1933: Geological Survey of Western Australia, WA Geology Online, Explanatory Notes extract viewed 13 December 2023. <www.dmirs.wa.gov.au/geochron>",/Users/lucymathieson/Peak-Picking-v2/LeadLoss/reports/gswa_missing_pdfs/242491.1.pdf,DOWNLOADED,,4143590
242492,242492.1,SHRIMP U-Pb zircon,242492.1.pdf,https://dasc.dmirs.wa.gov.au/download/Metadata?fileName=Geochron/pdfs/242492.1.pdf,-27.091926,116.41048,"Romano, SS, Wingate, MTD, LU, Y, Fielding, IOH and Ivanic, TJ 2023, 242492.1: migmatitic gneiss, Reserve Well; Geochronology Record 1934: Geological Survey of Western Australia, WA Geology Online, Explanatory Notes extract viewed 13 December 2023. <www.dmirs.wa.gov.au/geochron>",/Users/lucymathieson/Peak-Picking-v2/LeadLoss/reports/gswa_missing_pdfs/242492.1.pdf,DOWNLOADED,,5745784
242493,242493.1,SHRIMP U-Pb zircon,242493.1.pdf,https://dasc.dmirs.wa.gov.au/download/Metadata?fileName=Geochron/pdfs/242493.1.pdf,-27.091926,116.41048,"Romano, SS, Wingate, MDT, LU, Y, Fielding, IOH and Ivanic, TJ 2023, 242493.1: metagranodiorite dyke, Reserve Well; Geochronology Record 1935: Geological Survey of Western Australia, WA Geology Online, Explanatory Notes extract viewed 13 December 2023. <www.dmirs.wa.gov.au/geochron>",/Users/lucymathieson/Peak-Picking-v2/LeadLoss/reports/gswa_missing_pdfs/242493.1.pdf,DOWNLOADED,,11800242
242497,242497.1,SHRIMP U-Pb zircon,242497.1.pdf,https://dasc.dmirs.wa.gov.au/download/Metadata?fileName=Geochron/pdfs/242497.1.pdf,-27.236666,116.32695,"Romano, SS, Wingate, MTD, LU, Y, Fielding, IOH and Ivanic, TJ 2023, 242497.1: hornblende–biotite metagranodiorite, Mungo Pool; Geochronology Record 1936: Geological Survey of Western Australia, WA Geology Online, Explanatory Notes extract viewed 13 December 2023. <www.dmirs.wa.gov.au/geochron>",/Users/lucymathieson/Peak-Picking-v2/LeadLoss/reports/gswa_missing_pdfs/242497.1.pdf,DOWNLOADED,,6381872
242498,242498.1,SHRIMP U-Pb zircon,242498.1.pdf,https://dasc.dmirs.wa.gov.au/download/Metadata?fileName=Geochron/pdfs/242498.1.pdf,-27.236976,116.32647,"Romano, SS, Wingate, MTD, LU, Y, Fielding, IOH and Ivanic, TJ 2023, 242498.1: quartzite, Mungo Pool; Geochronology Record 1937: Geological Survey of Western Australia, WA Geology Online, Explanatory Notes extract viewed 13 December 2023. <www.dmirs.wa.gov.au/geochron>",/Users/lucymathieson/Peak-Picking-v2/LeadLoss/reports/gswa_missing_pdfs/242498.1.pdf,DOWNLOADED,,3321107
242634,242634.1,SHRIMP U-Pb zircon,242634.1.pdf,https://dasc.dmirs.wa.gov.au/download/Metadata?fileName=Geochron/pdfs/242634.1.pdf,-29.169507,116.216,"Romano, SS, Wingate, MTD, LU, Y, Fielding, IOH and Ivanic, TJ 2023, 242634.1: hornblende–biotite metagranodiorite, Koolanooka Hills; Geochronology Record 1938: Geological Survey of Western Australia, WA Geology Online, Explanatory Notes extract viewed 13 December 2023. <www.dmirs.wa.gov.au/geochron>",/Users/lucymathieson/Peak-Picking-v2/LeadLoss/reports/gswa_missing_pdfs/242634.1.pdf,DOWNLOADED,,3887267
242652,242652.1,U-Pb zircon,242652.1.pdf,https://dasc.dmirs.wa.gov.au/download/Metadata?fileName=Geochron/pdfs/242652.1.pdf,-29.236607,116.303641,"Wingate, MTD, Fielding, IOH, Lu, Y and Ivanic, T 2021, 242652: felsic metavolcanic rock, Bowgarder Hills; Geochronology Record 1807: Geological Survey of Western Australia, 5p.",/Users/lucymathieson/Peak-Picking-v2/LeadLoss/reports/gswa_missing_pdfs/242652.1.pdf,DOWNLOADED,,2761270
242672,242672.1,U-Pb zircon,242672.1.pdf,https://dasc.dmirs.wa.gov.au/download/Metadata?fileName=Geochron/pdfs/242672.1.pdf,-29.373367,116.351661,"Wingate, MTD, Fielding, IOH, Lu, Y and Ivanic, T 2021, 242672: felsic metavolcanic rock, Solomon Road; Geochronology Record 1800: Geological Survey of Western Australia, 4p.",/Users/lucymathieson/Peak-Picking-v2/LeadLoss/reports/gswa_missing_pdfs/242672.1.pdf,DOWNLOADED,,2582281
242683,242683.1,SHRIMP U-Pb zircon,242683.1.pdf,https://dasc.dmirs.wa.gov.au/download/Metadata?fileName=Geochron/pdfs/242683.1.pdf,-28.646077,116.39351,"Wingate, MTD, Lu, Y, Fielding, IOH and Ivanic, TJ 2024, 242683.1: metarhyolite, Golden Stream mine; Geochronology Record 1986: Geological Survey of Western Australia, 5p.",/Users/lucymathieson/Peak-Picking-v2/LeadLoss/reports/gswa_missing_pdfs/242683.1.pdf,DOWNLOADED,,3976691
242695,242695.1,U-Pb zircon,242695.1.pdf,https://dasc.dmirs.wa.gov.au/download/Metadata?fileName=Geochron/pdfs/242695.1.pdf,-28.649527,116.35058,"Wingate, MTD, Fielding, IOH, Lu, Y and Ivanic, TJ 2022, 242695: hornblende metamonzonite, Olivers Well; Geochronology Record 872: Geological Survey of Western Australia, 4p.",/Users/lucymathieson/Peak-Picking-v2/LeadLoss/reports/gswa_missing_pdfs/242695.1.pdf,DOWNLOADED,,2497691
242908,242908.1,U-Pb zircon,242908.1.pdf,https://dasc.dmirs.wa.gov.au/download/Metadata?fileName=Geochron/pdfs/242908.1.pdf,-21.88962,116.074216,"Wingate, MTD, Fielding, IOH, Lu, Y and Martin, DMcB 2021, 242908: tuffaceous volcanic rock, Red Hill mine; Geochronology Record 1819: Geological Survey of Western Australia, 5p.",/Users/lucymathieson/Peak-Picking-v2/LeadLoss/reports/gswa_missing_pdfs/242908.1.pdf,DOWNLOADED,,3382062
242931,242931.1,U-Pb zircon,242931.1.pdf,https://dasc.dmirs.wa.gov.au/download/Metadata?fileName=Geochron/pdfs/242931.1.pdf,-22.479868,116.515888,"Wingate, MTD, Fielding, IOH, Lu, Y, Martin, DMcB and Allen, HJ 2022, 242931: volcaniclastic siltstone, Mount Berry; Geochronology Record 1898: Geological Survey of Western Australia, 4p.",/Users/lucymathieson/Peak-Picking-v2/LeadLoss/reports/gswa_missing_pdfs/242931.1.pdf,DOWNLOADED,,1852694
245105,245105.1,U-Pb zircon,245105.1.pdf,https://dasc.dmirs.wa.gov.au/download/Metadata?fileName=Geochron/pdfs/245105.1.pdf,-30.617644,121.565329,"Wingate, MTD, Fielding, IOH, Lu, Y and Smithies, RH 2021, 245105: volcaniclastic sandstone, Kanowna Belle mine; Geochronology Record 1835: Geological Survey of Western Australia, 4p.",/Users/lucymathieson/Peak-Picking-v2/LeadLoss/reports/gswa_missing_pdfs/245105.1.pdf,DOWNLOADED,,1932183
245115,245115.1,U-Pb zircon,245115.1.pdf,https://dasc.dmirs.wa.gov.au/download/Metadata?fileName=Geochron/pdfs/245115.1.pdf,-30.595585,121.609469,"Wingate, MTD, Fielding, IOH, Lu, Y and Smithies, RH 2021, 245115: porphyritic microgranite, Kanowna Consuls mine; Geochronology Record 1836: Geological Survey of Western Australia, 4p.",/Users/lucymathieson/Peak-Picking-v2/LeadLoss/reports/gswa_missing_pdfs/245115.1.pdf,DOWNLOADED,,1937178
245122,245122.1,U-Pb zircon,245122.1.pdf,https://dasc.dmirs.wa.gov.au/download/Metadata?fileName=Geochron/pdfs/245122.1.pdf,-30.468297,120.935801,"Wingate, MTD, Fielding, IOH, Lu, Y and Smithies, RH 2021, 245122: volcaniclastic sandstone, Carbine mine; Geochronology Record 1837: Geological Survey of Western Australia, 5p.",/Users/lucymathieson/Peak-Picking-v2/LeadLoss/reports/gswa_missing_pdfs/245122.1.pdf,DOWNLOADED,,2880613
245127,245127.1,U-Pb zircon,245127.1.pdf,https://dasc.dmirs.wa.gov.au/download/Metadata?fileName=Geochron/pdfs/245127.1.pdf,-30.990906,121.44032,"Wingate, MTD, Fielding, IOH, Lu, Y and Smithies, RH 2021, 245127: porphyritic metadacite, Ellen Dam; Geochronology Record 1838: Geological Survey of Western Australia, 4p.",/Users/lucymathieson/Peak-Picking-v2/LeadLoss/reports/gswa_missing_pdfs/245127.1.pdf,DOWNLOADED,,1825461
248205,248205.1,U-Pb zircon,248205.1.pdf,https://dasc.dmirs.wa.gov.au/download/Metadata?fileName=Geochron/pdfs/248205.1.pdf,-31.512976,116.205931,"Wingate, MTD, Fielding, IOH, Lu, Y and Ivanic, TJ 2022, 248205: siliciclastic schist, Julimar prospect; Geochronology Record 1899: Geological Survey of Western Australia, 8p.",/Users/lucymathieson/Peak-Picking-v2/LeadLoss/reports/gswa_missing_pdfs/248205.1.pdf,DOWNLOADED,,2454844
248284,248284.2,SHRIMP U-Pb zircon,248284.2.pdf,https://dasc.dmirs.wa.gov.au/download/Metadata?fileName=Geochron/pdfs/248284.2.pdf,-32.164037,118.45143,"Fielding, IOH, Lu, Y, Wingate, MTD and Ivanic, TJ 2023, 248284: metamonzogranite, Merino prospect; Geochronology Record 1908: Geological Survey of Western Australia, WA Geology Online, Explanatory Notes extract viewed 5 July 2023. <www.dmirs.wa.gov.au/geochron>",/Users/lucymathieson/Peak-Picking-v2/LeadLoss/reports/gswa_missing_pdfs/248284.2.pdf,DOWNLOADED,,2365701
249438,249438.1,U-Pb zircon,249438.1.pdf,https://dasc.dmirs.wa.gov.au/download/Metadata?fileName=Geochron/pdfs/249438.1.pdf,-28.454293,120.890084,"Wingate, MTD, Fielding, IOH, Lu, Y and Lowrey, JR 2021, 249438: porphyritic microgranite, Bannockburn mine; Geochronology Record 1839: Geological Survey of Western Australia, 6p.",/Users/lucymathieson/Peak-Picking-v2/LeadLoss/reports/gswa_missing_pdfs/249438.1.pdf,DOWNLOADED,,2238287
